Date,USD
02-01-20,4.0865
03-01-20,4.0995
06-01-20,4.108
07-01-20,4.0955
08-01-20,4.104
09-01-20,4.0912
10-01-20,4.083
13-01-20,4.0645
14-01-20,4.0615
15-01-20,4.079
16-01-20,4.0685
17-01-20,4.0625
20-01-20,4.0575
21-01-20,4.069
22-01-20,4.0735
23-01-20,4.0655
24-01-20,4.0645
28-01-20,4.0835
29-01-20,4.0785
30-01-20,4.0885
31-01-20,4.0885
03-02-20,4.1155
04-02-20,4.117
05-02-20,4.121
06-02-20,4.1215
07-02-20,4.135
10-02-20,4.1455
11-02-20,4.1405
12-02-20,4.134
13-02-20,4.139
14-02-20,4.141
17-02-20,4.138
18-02-20,4.1495
19-02-20,4.1595
20-02-20,4.1845
21-02-20,4.1915
24-02-20,4.2215
25-02-20,4.225
26-02-20,4.2395
27-02-20,4.2225
28-02-20,4.226
02-03-20,4.2015
03-03-20,4.205
04-03-20,4.183
05-03-20,4.1655
06-03-20,4.1875
09-03-20,4.2085
10-03-20,4.226
11-03-20,4.2355
12-03-20,4.253
13-03-20,4.295
16-03-20,4.301
17-03-20,4.33
18-03-20,4.358
19-03-20,4.4065
20-03-20,4.4045
23-03-20,4.445
24-03-20,4.435
25-03-20,4.394
26-03-20,4.3625
27-03-20,4.263
30-03-20,4.3575
31-03-20,4.3025
01-04-20,4.3275
02-04-20,4.386
03-04-20,4.36
06-04-20,4.375
07-04-20,4.35
08-04-20,4.3398
09-04-20,4.341
10-04-20,4.308
13-04-20,4.3225
14-04-20,4.323
15-04-20,4.33
16-04-20,4.374
17-04-20,4.365
20-04-20,4.388
21-04-20,4.3922
22-04-20,4.395
23-04-20,4.365
24-04-20,4.365
27-04-20,4.354
28-04-20,4.3705
29-04-20,4.36
30-04-20,4.326
04-05-20,4.3385
05-05-20,4.31
06-05-20,4.311
08-05-20,4.3055
12-05-20,4.345
13-05-20,4.337
14-05-20,4.335
15-05-20,4.3455
18-05-20,4.355
19-05-20,4.3495
20-05-20,4.356
21-05-20,4.3525
22-05-20,4.362
27-05-20,4.358
28-05-20,4.36
29-05-20,4.3485
01-06-20,4.323
02-06-20,4.2915
03-06-20,4.262
04-06-20,4.2745
05-06-20,4.267
09-06-20,4.2615
10-06-20,4.2675
11-06-20,4.254
12-06-20,4.266
15-06-20,4.2725
16-06-20,4.263
17-06-20,4.279
18-06-20,4.2755
19-06-20,4.279
22-06-20,4.274
23-06-20,4.276
24-06-20,4.2765
25-06-20,4.279
26-06-20,4.278
29-06-20,4.285
30-06-20,4.28
01-07-20,4.2815
02-07-20,4.286
03-07-20,4.287
06-07-20,4.284
07-07-20,4.274
08-07-20,4.2785
09-07-20,4.265
10-07-20,4.268
13-07-20,4.2605
14-07-20,4.2705
15-07-20,4.2655
16-07-20,4.2675
17-07-20,4.2695
20-07-20,4.2648
21-07-20,4.2625
22-07-20,4.2535
23-07-20,4.2525
24-07-20,4.2645
27-07-20,4.2515
28-07-20,4.2475
29-07-20,4.249
30-07-20,4.2425
03-08-20,4.2335
04-08-20,4.2175
05-08-20,4.2005
06-08-20,4.1875
07-08-20,4.1975
10-08-20,4.194
11-08-20,4.1985
12-08-20,4.1985
13-08-20,4.1895
14-08-20,4.2025
17-08-20,4.1875
18-08-20,4.188
19-08-20,4.1825
21-08-20,4.177
24-08-20,4.1805
25-08-20,4.1715
26-08-20,4.17
27-08-20,4.1715
28-08-20,4.1745
01-09-20,4.1475
02-09-20,4.1495
03-09-20,4.1425
04-09-20,4.1475
07-09-20,4.1485
08-09-20,4.1665
09-09-20,4.1735
10-09-20,4.1655
11-09-20,4.1565
14-09-20,4.1485
15-09-20,4.134
17-09-20,4.147
18-09-20,4.1275
21-09-20,4.1105
22-09-20,4.1365
23-09-20,4.141
24-09-20,4.1635
25-09-20,4.1685
28-09-20,4.167
29-09-20,4.1645
30-09-20,4.1585
01-10-20,4.148
02-10-20,4.1605
05-10-20,4.1595
06-10-20,4.15
07-10-20,4.1595
08-10-20,4.1555
09-10-20,4.1475
12-10-20,4.1385
13-10-20,4.155
14-10-20,4.146
15-10-20,4.148
16-10-20,4.1545
19-10-20,4.147
20-10-20,4.1455
21-10-20,4.145
22-10-20,4.1495
23-10-20,4.1465
26-10-20,4.1645
27-10-20,4.165
28-10-20,4.1645
30-10-20,4.157
02-11-20,4.155
03-11-20,4.1585
04-11-20,4.1635
05-11-20,4.1525
06-11-20,4.143
09-11-20,4.1145
10-11-20,4.1155
11-11-20,4.123
12-11-20,4.134
13-11-20,4.1315
16-11-20,4.1145
17-11-20,4.1058
18-11-20,4.098
19-11-20,4.095
20-11-20,4.0905
23-11-20,4.0895
24-11-20,4.0945
25-11-20,4.087
26-11-20,4.083
27-11-20,4.0725
30-11-20,4.069
01-12-20,4.078
02-12-20,4.0715
03-12-20,4.0725
04-12-20,4.064
07-12-20,4.071
08-12-20,4.069
09-12-20,4.0685
10-12-20,4.0625
11-12-20,4.0545
14-12-20,4.0495
15-12-20,4.065
16-12-20,4.051
17-12-20,4.0415
18-12-20,4.0375
21-12-20,4.0465
22-12-20,4.055
23-12-20,4.0615
24-12-20,4.0595
28-12-20,4.0535
29-12-20,4.051
30-12-20,4.04
31-12-20,4.013
04-01-21,3.9965
05-01-21,4.0065
06-01-21,4.0145
07-01-21,4.013
08-01-21,4.0425
11-01-21,4.042
12-01-21,4.06
13-01-21,4.0455
14-01-21,4.043
15-01-21,4.0345
18-01-21,4.047
19-01-21,4.0505
20-01-21,4.048
21-01-21,4.031
22-01-21,4.0375
25-01-21,4.046
26-01-21,4.0445
27-01-21,4.044
29-01-21,4.054
02-02-21,4.0425
03-02-21,4.0475
04-02-21,4.0525
05-02-21,4.0745
08-02-21,4.0615
09-02-21,4.0575
10-02-21,4.04
11-02-21,4.0445
15-02-21,4.036
16-02-21,4.0305
17-02-21,4.0385
18-02-21,4.038
19-02-21,4.0435
22-02-21,4.0405
23-02-21,4.042
24-02-21,4.039
25-02-21,4.04
26-02-21,4.0495
01-03-21,4.0535
02-03-21,4.054
03-03-21,4.0495
04-03-21,4.0555
05-03-21,4.0675
08-03-21,4.09
09-03-21,4.126
10-03-21,4.1285
11-03-21,4.1125
12-03-21,4.117
15-03-21,4.117
16-03-21,4.114
17-03-21,4.1185
18-03-21,4.1075
19-03-21,4.1165
22-03-21,4.1095
23-03-21,4.116
24-03-21,4.1275
25-03-21,4.1395
26-03-21,4.1465
29-03-21,4.1455
30-03-21,4.1465
31-03-21,4.159
01-04-21,4.1465
02-04-21,4.1375
05-04-21,4.141
06-04-21,4.1325
07-04-21,4.128
08-04-21,4.1385
09-04-21,4.1355
12-04-21,4.137
13-04-21,4.134
14-04-21,4.1295
15-04-21,4.128
16-04-21,4.127
19-04-21,4.1295
20-04-21,4.116
21-04-21,4.116
22-04-21,4.11
23-04-21,4.1115
26-04-21,4.1035
27-04-21,4.0985
28-04-21,4.1025
30-04-21,4.1045
03-05-21,4.102
04-05-21,4.1125
05-05-21,4.117
06-05-21,4.1245
07-05-21,4.1165
10-05-21,4.1055
11-05-21,4.1158
12-05-21,4.131
17-05-21,4.134
18-05-21,4.1263
19-05-21,4.127
20-05-21,4.139
21-05-21,4.143
24-05-21,4.1405
25-05-21,4.1425
27-05-21,4.1435
28-05-21,4.137
31-05-21,4.138
01-06-21,4.1205
02-06-21,4.126
03-06-21,4.1225
04-06-21,4.1275
08-06-21,4.121
09-06-21,4.1175
10-06-21,4.1163
11-06-21,4.114
14-06-21,4.116
15-06-21,4.116
16-06-21,4.1195
17-06-21,4.1325
18-06-21,4.142
21-06-21,4.15
22-06-21,4.148
23-06-21,4.1645
24-06-21,4.166
25-06-21,4.158
28-06-21,4.151
29-06-21,4.1475
30-06-21,4.1543
01-07-21,4.1545
02-07-21,4.1635
05-07-21,4.155
06-07-21,4.1535
07-07-21,4.1595
08-07-21,4.1715
09-07-21,4.1865
12-07-21,4.19
13-07-21,4.1895
14-07-21,4.1995
15-07-21,4.1955
16-07-21,4.2005
19-07-21,4.218
21-07-21,4.2425
22-07-21,4.2265
23-07-21,4.2235
26-07-21,4.2253
27-07-21,4.229
28-07-21,4.2313
29-07-21,4.2225
30-07-21,4.2305
02-08-21,4.2255
03-08-21,4.2253
04-08-21,4.227
05-08-21,4.221
06-08-21,4.219
09-08-21,4.224
11-08-21,4.2385
12-08-21,4.2355
13-08-21,4.2355
16-08-21,4.2415
17-08-21,4.2385
18-08-21,4.232
19-08-21,4.24
20-08-21,4.238
23-08-21,4.2295
24-08-21,4.218
25-08-21,4.215
26-08-21,4.1915
27-08-21,4.194
30-08-21,4.169
01-09-21,4.145
02-09-21,4.1575
03-09-21,4.153
06-09-21,4.145
07-09-21,4.1465
08-09-21,4.1568
09-09-21,4.148
10-09-21,4.1415
13-09-21,4.143
14-09-21,4.149
15-09-21,4.1595
17-09-21,4.17
20-09-21,4.189
21-09-21,4.1895
22-09-21,4.1885
23-09-21,4.1865
24-09-21,4.181
27-09-21,4.185
28-09-21,4.183
29-09-21,4.185
30-09-21,4.188
01-10-21,4.1845
04-10-21,4.172
05-10-21,4.18
06-10-21,4.1795
07-10-21,4.1815
08-10-21,4.182
11-10-21,4.168
12-10-21,4.172
13-10-21,4.1585
14-10-21,4.1563
15-10-21,4.158
18-10-21,4.164
20-10-21,4.1555
21-10-21,4.1565
22-10-21,4.158
25-10-21,4.1495
26-10-21,4.147
27-10-21,4.149
28-10-21,4.153
29-10-21,4.144
01-11-21,4.1465
02-11-21,4.149
03-11-21,4.1535
05-11-21,4.1595
08-11-21,4.1555
09-11-21,4.152
10-11-21,4.1513
11-11-21,4.1625
12-11-21,4.1678
15-11-21,4.1585
16-11-21,4.161
17-11-21,4.1795
18-11-21,4.1798
19-11-21,4.183
22-11-21,4.188
23-11-21,4.1905
24-11-21,4.21
25-11-21,4.2275
26-11-21,4.2425
29-11-21,4.2395
30-11-21,4.2265
01-12-21,4.205
02-12-21,4.2265
03-12-21,4.2285
06-12-21,4.224
07-12-21,4.2315
08-12-21,4.2195
09-12-21,4.211
10-12-21,4.2175
13-12-21,4.2085
14-12-21,4.2335
15-12-21,4.233
16-12-21,4.231
17-12-21,4.2105
20-12-21,4.226
21-12-21,4.2115
22-12-21,4.21
23-12-21,4.206
24-12-21,4.201
27-12-21,4.1865
28-12-21,4.1835
29-12-21,4.1815
30-12-21,4.1705
31-12-21,4.176
03-01-22,4.171
04-01-22,4.1815
05-01-22,4.1905
06-01-22,4.202
07-01-22,4.2025
10-01-22,4.2013
11-01-22,4.1928
12-01-22,4.1825
13-01-22,4.1795
14-01-22,4.1785
17-01-22,4.1845
19-01-22,4.1925
20-01-22,4.1855
21-01-22,4.1865
24-01-22,4.1835
25-01-22,4.188
26-01-22,4.1905
27-01-22,4.203
28-01-22,4.192
31-01-22,4.189
03-02-22,4.1815
04-02-22,4.1795
07-02-22,4.1858
08-02-22,4.1865
09-02-22,4.185
10-02-22,4.185
11-02-22,4.1883
14-02-22,4.192
15-02-22,4.1865
16-02-22,4.189
17-02-22,4.185
18-02-22,4.1845
21-02-22,4.1865
22-02-22,4.1845
23-02-22,4.1845
24-02-22,4.196
25-02-22,4.198
28-02-22,4.201
01-03-22,4.195
02-03-22,4.192
03-03-22,4.1905
04-03-22,4.1853
07-03-22,4.179
08-03-22,4.1803
09-03-22,4.182
10-03-22,4.184
11-03-22,4.1925
14-03-22,4.2055
15-03-22,4.2078
16-03-22,4.1995
17-03-22,4.19
18-03-22,4.203
21-03-22,4.2
22-03-22,4.2135
23-03-22,4.2195
24-03-22,4.227
25-03-22,4.222
28-03-22,4.214
29-03-22,4.222
30-03-22,4.205
31-03-22,4.204
01-04-22,4.209
04-04-22,4.2185
05-04-22,4.2175
06-04-22,4.218
07-04-22,4.2183
08-04-22,4.2205
11-04-22,4.2268
12-04-22,4.233
13-04-22,4.2265
14-04-22,4.2285
15-04-22,4.2345
18-04-22,4.2483
20-04-22,4.266
21-04-22,4.287
22-04-22,4.3075
25-04-22,4.3475
26-04-22,4.348
27-04-22,4.3565
28-04-22,4.3615
29-04-22,4.359
05-05-22,4.3365
06-05-22,4.3725
09-05-22,4.3795
10-05-22,4.377
11-05-22,4.3835
12-05-22,4.3865
13-05-22,4.397
17-05-22,4.395
18-05-22,4.3945
19-05-22,4.4023
20-05-22,4.3975
23-05-22,4.3885
24-05-22,4.3905
25-05-22,4.3925
26-05-22,4.3975
27-05-22,4.3825
30-05-22,4.3705
31-05-22,4.3755
01-06-22,4.387
02-06-22,4.393
03-06-22,4.386
07-06-22,4.397
08-06-22,4.3925
09-06-22,4.392
10-06-22,4.399
13-06-22,4.415
13-06-22,4.415
14-06-22,4.424
15-06-22,4.4193
16-06-22,4.3993
17-06-22,4.402
20-06-22,4.4015
21-06-22,4.399
22-06-22,4.402
23-06-22,4.406
24-06-22,4.406
27-06-22,4.406
28-06-22,4.3988
29-06-22,4.4
30-06-22,4.4055
01-07-22,4.409
04-07-22,4.412
05-07-22,4.417
06-07-22,4.425
07-07-22,4.426
08-07-22,4.4255
12-07-22,4.4365
13-07-22,4.4315
14-07-22,4.4415
15-07-22,4.4495
18-07-22,4.4493
19-07-22,4.457
20-07-22,4.449
21-07-22,4.4565
22-07-22,4.453
25-07-22,4.4555
26-07-22,4.457
27-07-22,4.46
28-07-22,4.455
29-07-22,4.4485
01-08-22,4.4515
02-08-22,4.4565
03-08-22,4.457
04-08-22,4.4543
05-08-22,4.4545
08-08-22,4.461
09-08-22,4.4558
10-08-22,4.457
11-08-22,4.447
12-08-22,4.4405
15-08-22,4.4525
16-08-22,4.4638
17-08-22,4.4655
18-08-22,4.472
19-08-22,4.4778
22-08-22,4.482
23-08-22,4.4875
24-08-22,4.4875
25-08-22,4.4785
26-08-22,4.4743
29-08-22,4.488
30-08-22,4.4845
01-09-22,4.4825
02-09-22,4.484
05-09-22,4.487
06-09-22,4.4915
07-09-22,4.5035
08-09-22,4.5
09-09-22,4.4965
12-09-22,4.504
13-09-22,4.5075
14-09-22,4.526
15-09-22,4.5325
19-09-22,4.5455
20-09-22,4.554
21-09-22,4.566
22-09-22,4.5695
23-09-22,4.57
26-09-22,4.598
27-09-22,4.6115
28-09-22,4.619
29-09-22,4.646
30-09-22,4.641
03-10-22,4.6495
04-10-22,4.645
05-10-22,4.638
06-10-22,4.6305
07-10-22,4.651
11-10-22,4.672
12-10-22,4.685
13-10-22,4.688
14-10-22,4.698
17-10-22,4.717
18-10-22,4.718
19-10-22,4.721
20-10-22,4.7285
21-10-22,4.7375
25-10-22,4.741
26-10-22,4.726
27-10-22,4.7125
28-10-22,4.7215
31-10-22,4.7265
01-11-22,4.731
02-11-22,4.741
03-11-22,4.746
04-11-22,4.7465
07-11-22,4.744
08-11-22,4.7425
09-11-22,4.718
10-11-22,4.7058
11-11-22,4.642
14-11-22,4.586
15-11-22,4.5898
16-11-22,4.54
17-11-22,4.55
21-11-22,4.5595
22-11-22,4.577
23-11-22,4.574
24-11-22,4.5225
25-11-22,4.46
29-11-22,4.506
30-11-22,4.475
01-12-22,4.4075
02-12-22,4.3965
05-12-22,4.367
06-12-22,4.3805
07-12-22,4.4055
08-12-22,4.406
09-12-22,4.3988
12-12-22,4.4185
13-12-22,4.4345
14-12-22,4.415
15-12-22,4.4075
16-12-22,4.424
19-12-22,4.4205
20-12-22,4.435
21-12-22,4.4395
22-12-22,4.429
23-12-22,4.4285
27-12-22,4.421
28-12-22,4.432
29-12-22,4.419
30-12-22,4.413
02-01-20,13.5719
03-01-20,13.5925
06-01-20,13.6297
07-01-20,13.5883
08-01-20,13.549
09-01-20,13.5047
10-01-20,13.4886
13-01-20,13.472
14-01-20,13.4309
15-01-20,13.4754
16-01-20,13.4374
17-01-20,13.3503
20-01-20,13.3514
21-01-20,13.4069
22-01-20,13.3997
23-01-20,13.3734
24-01-20,13.3262
28-01-20,13.2624
29-01-20,13.2161
30-01-20,13.1084
31-01-20,13.1252
03-02-20,13.178
04-02-20,13.2978
05-02-20,13.2508
06-02-20,13.2311
07-02-20,13.2702
10-02-20,13.2529
11-02-20,13.2772
12-02-20,13.2755
13-02-20,13.2959
14-02-20,13.3023
17-02-20,13.282
18-02-20,13.2827
19-02-20,13.3381
20-02-20,13.3519
21-02-20,13.2663
24-02-20,13.3128
25-02-20,13.3407
26-02-20,13.3171
27-02-20,13.2825
28-02-20,13.3481
02-03-20,13.4148
03-03-20,13.345
04-03-20,13.3259
05-03-20,13.2364
06-03-20,13.2265
09-03-20,13.3816
10-03-20,13.4522
11-03-20,13.429
12-03-20,13.4717
13-03-20,13.3926
16-03-20,13.4933
17-03-20,13.4933
18-03-20,13.4964
19-03-20,13.4807
20-03-20,13.5481
23-03-20,13.4595
24-03-20,13.4884
25-03-20,13.376
26-03-20,13.2942
27-03-20,13.1716
30-03-20,13.3522
31-03-20,13.1696
01-04-20,13.1755
02-04-20,13.2568
03-04-20,13.2624
06-04-20,13.2696
07-04-20,13.236
08-04-20,13.2189
09-04-20,13.2388
10-04-20,13.1905
13-04-20,13.1985
14-04-20,13.2061
15-04-20,13.3016
16-04-20,13.371
17-04-20,13.4163
20-04-20,13.514
21-04-20,13.4897
22-04-20,13.5335
23-04-20,13.4889
24-04-20,13.4618
27-04-20,13.4052
28-04-20,13.4477
29-04-20,13.4464
30-04-20,13.3725
04-05-20,13.4174
05-05-20,13.3107
06-05-20,13.3066
08-05-20,13.3421
12-05-20,13.519
13-05-20,13.5193
14-05-20,13.5005
15-05-20,13.5458
18-05-20,13.5924
19-05-20,13.6305
20-05-20,13.6637
21-05-20,13.6656
22-05-20,13.6912
27-05-20,13.6786
28-05-20,13.6795
29-05-20,13.6552
01-06-20,13.6115
02-06-20,13.5764
03-06-20,13.5044
04-06-20,13.5098
05-06-20,13.5396
09-06-20,13.5976
10-06-20,13.6932
11-06-20,13.7403
12-06-20,13.7215
15-06-20,13.8045
16-06-20,13.7306
17-06-20,13.7368
18-06-20,13.741
19-06-20,13.8121
22-06-20,13.7916
23-06-20,13.7936
24-06-20,13.8443
25-06-20,13.8412
26-06-20,13.8491
29-06-20,13.8583
30-06-20,13.8556
01-07-20,13.8336
02-07-20,13.7947
03-07-20,13.7713
06-07-20,13.7616
07-07-20,13.756
08-07-20,13.6868
09-07-20,13.6743
10-07-20,13.6401
13-07-20,13.6249
14-07-20,13.5615
15-07-20,13.5327
16-07-20,13.4749
17-07-20,13.4855
20-07-20,13.4112
21-07-20,13.4337
22-07-20,13.4861
23-07-20,13.4403
24-07-20,13.4315
27-07-20,13.4159
28-07-20,13.4033
29-07-20,13.4803
30-07-20,13.5198
03-08-20,13.5602
04-08-20,13.5567
05-08-20,13.55
06-08-20,13.4744
07-08-20,13.4578
10-08-20,13.4509
11-08-20,13.4957
12-08-20,13.513
13-08-20,13.4928
14-08-20,13.5303
17-08-20,13.4387
18-08-20,13.4231
19-08-20,13.4098
21-08-20,13.273
24-08-20,13.2378
25-08-20,13.2639
26-08-20,13.3014
27-08-20,13.3403
28-08-20,13.3712
01-09-20,13.3877
02-09-20,13.2869
03-09-20,13.2264
04-09-20,13.196
07-09-20,13.1992
08-09-20,13.2522
09-09-20,13.2914
10-09-20,13.3126
11-09-20,13.2838
14-09-20,13.2667
15-09-20,13.2415
17-09-20,13.2704
18-09-20,13.2462
21-09-20,13.2597
22-09-20,13.1904
23-09-20,13.1502
24-09-20,13.1756
25-09-20,13.2291
28-09-20,13.141
29-09-20,13.1372
30-09-20,13.1224
01-10-20,13.1307
02-10-20,13.1537
05-10-20,13.1964
06-10-20,13.2673
07-10-20,13.2764
08-10-20,13.3061
09-10-20,13.3232
12-10-20,13.3156
13-10-20,13.3344
14-10-20,13.3013
15-10-20,13.3077
16-10-20,13.3029
19-10-20,13.2789
20-10-20,13.2741
21-10-20,13.2725
22-10-20,13.2572
23-10-20,13.2561
26-10-20,13.2924
27-10-20,13.3195
28-10-20,13.3735
30-10-20,13.3323
02-11-20,13.3344
03-11-20,13.38
04-11-20,13.3638
05-11-20,13.3779
06-11-20,13.4951
09-11-20,13.5035
10-11-20,13.52
11-11-20,13.6343
12-11-20,13.6571
13-11-20,13.6398
16-11-20,13.6377
17-11-20,13.6087
18-11-20,13.565
19-11-20,13.4926
20-11-20,13.4867
23-11-20,13.5012
24-11-20,13.4643
25-11-20,13.4485
26-11-20,13.4575
27-11-20,13.445
30-11-20,13.4401
01-12-20,13.4788
02-12-20,13.4729
03-12-20,13.4806
04-12-20,13.4703
07-12-20,13.498
08-12-20,13.5048
09-12-20,13.5662
10-12-20,13.5146
11-12-20,13.488
14-12-20,13.4624
15-12-20,13.5185
16-12-20,13.4876
17-12-20,13.5258
18-12-20,13.5578
21-12-20,13.4749
22-12-20,13.4494
23-12-20,13.442
24-12-20,13.4465
28-12-20,13.4534
29-12-20,13.4764
30-12-20,13.4532
31-12-20,13.399
04-01-21,13.3662
05-01-21,13.4131
06-01-21,13.3995
07-01-21,13.4035
08-01-21,13.4347
11-01-21,13.4063
12-01-21,13.4615
13-01-21,13.476
14-01-21,13.4587
15-01-21,13.4596
18-01-21,13.4363
19-01-21,13.4882
20-01-21,13.4978
21-01-21,13.4726
22-01-21,13.4718
25-01-21,13.4957
26-01-21,13.4952
27-01-21,13.489
29-01-21,13.5178
02-02-21,13.4885
03-02-21,13.4872
04-02-21,13.4948
05-02-21,13.5231
08-02-21,13.5203
09-02-21,13.5431
10-02-21,13.5027
11-02-21,13.5132
15-02-21,13.5209
16-02-21,13.4935
17-02-21,13.4707
18-02-21,13.451
19-02-21,13.4649
22-02-21,13.4638
23-02-21,13.4688
24-02-21,13.4499
25-02-21,13.4532
26-02-21,13.4356
01-03-21,13.3515
02-03-21,13.3751
03-03-21,13.3647
04-03-21,13.3492
05-03-21,13.3755
08-03-21,13.3312
09-03-21,13.3831
10-03-21,13.4173
11-03-21,13.4483
12-03-21,13.4279
15-03-21,13.393
16-03-21,13.3919
17-03-21,13.3718
18-03-21,13.3534
19-03-21,13.3263
22-03-21,13.3123
23-03-21,13.2946
24-03-21,13.3059
25-03-21,13.3017
26-03-21,13.3114
29-03-21,13.2869
30-03-21,13.2816
31-03-21,13.2494
01-04-21,13.2518
02-04-21,13.24
05-04-21,13.2089
06-04-21,13.1608
07-04-21,13.1717
08-04-21,13.1548
09-04-21,13.1578
12-04-21,13.1167
13-04-21,13.1238
14-04-21,13.1095
15-04-21,13.1048
16-04-21,13.198
19-04-21,13.2271
20-04-21,13.1923
21-04-21,13.146
22-04-21,13.1184
23-04-21,13.0856
26-04-21,13.0518
27-04-21,13.0442
28-04-21,13.0695
30-04-21,13.1597
03-05-21,13.1685
04-05-21,13.2023
05-05-21,13.204
06-05-21,13.2238
07-05-21,13.1855
10-05-21,13.1756
11-05-21,13.2424
12-05-21,13.2234
17-05-21,13.1489
18-05-21,13.1034
19-05-21,13.1224
20-05-21,13.1857
21-05-21,13.2069
24-05-21,13.1905
25-05-21,13.2179
27-05-21,13.2528
28-05-21,13.2215
31-05-21,13.2416
01-06-21,13.2067
02-06-21,13.2413
03-06-21,13.2344
04-06-21,13.2207
08-06-21,13.2083
09-06-21,13.2183
10-06-21,13.2228
11-06-21,13.2326
14-06-21,13.2305
15-06-21,13.2177
16-06-21,13.212
17-06-21,13.1987
18-06-21,13.2037
21-06-21,13.1537
22-06-21,13.1141
23-06-21,13.1
24-06-21,13.0637
25-06-21,13.0714
28-06-21,13.0125
29-06-21,12.9488
30-06-21,12.9537
01-07-21,12.9747
02-07-21,12.9502
05-07-21,12.9118
06-07-21,12.9272
07-07-21,12.8817
08-07-21,12.8671
09-07-21,12.8106
12-07-21,12.8488
13-07-21,12.8394
14-07-21,12.8661
15-07-21,12.846
16-07-21,12.8377
19-07-21,12.8285
21-07-21,12.9069
22-07-21,12.87
23-07-21,12.8257
26-07-21,12.8349
27-07-21,12.8592
28-07-21,12.8364
29-07-21,12.85
30-07-21,12.8587
02-08-21,12.824
03-08-21,12.8193
04-08-21,12.782
05-08-21,12.733
06-08-21,12.6431
09-08-21,12.6316
11-08-21,12.6977
12-08-21,12.7002
13-08-21,12.7269
16-08-21,12.7067
17-08-21,12.6674
18-08-21,12.7585
19-08-21,12.6958
20-08-21,12.7103
23-08-21,12.6924
24-08-21,12.7267
25-08-21,12.8154
26-08-21,12.77
27-08-21,12.8443
30-08-21,12.8139
01-09-21,12.8061
02-09-21,12.7962
03-09-21,12.7471
06-09-21,12.7873
07-09-21,12.7703
08-09-21,12.6808
09-09-21,12.6695
10-09-21,12.6729
13-09-21,12.6388
14-09-21,12.6033
15-09-21,12.6544
17-09-21,12.5716
20-09-21,12.5532
21-09-21,12.5472
22-09-21,12.5254
23-09-21,12.4635
24-09-21,12.5744
27-09-21,12.515
28-09-21,12.4272
29-09-21,12.3488
30-09-21,12.354
01-10-21,12.3912
04-10-21,12.3872
05-10-21,12.3669
06-10-21,12.3362
07-10-21,12.3603
08-10-21,12.3509
11-10-21,12.3314
12-10-21,12.4649
13-10-21,12.4674
14-10-21,12.5264
15-10-21,12.5015
18-10-21,12.4373
20-10-21,12.4342
21-10-21,12.467
22-10-21,12.4528
25-10-21,12.5287
26-10-21,12.5249
27-10-21,12.467
28-10-21,12.4865
29-10-21,12.4857
01-11-21,12.4035
02-11-21,12.4482
03-11-21,12.458
05-11-21,12.476
08-11-21,12.5506
09-11-21,12.6624
10-11-21,12.6678
11-11-21,12.6597
12-11-21,12.6988
15-11-21,12.7094
16-11-21,12.7209
17-11-21,12.7307
18-11-21,12.8135
19-11-21,12.8313
22-11-21,12.745
23-11-21,12.6678
24-11-21,12.6294
25-11-21,12.6819
26-11-21,12.651
29-11-21,12.5671
30-11-21,12.5397
01-12-21,12.4722
02-12-21,12.4989
03-12-21,12.4919
06-12-21,12.462
07-12-21,12.5063
08-12-21,12.5974
09-12-21,12.6002
10-12-21,12.5952
13-12-21,12.6154
14-12-21,12.6695
15-12-21,12.6718
16-12-21,12.645
17-12-21,12.6044
20-12-21,12.6281
21-12-21,12.5026
22-12-21,12.4575
23-12-21,12.5123
24-12-21,12.531
27-12-21,12.4858
28-12-21,12.4676
29-12-21,12.4579
30-12-21,12.494
31-12-21,12.5011
03-01-22,12.4862
04-01-22,12.5533
05-01-22,12.6258
06-01-22,12.5997
07-01-22,12.5168
10-01-22,12.4648
11-01-22,12.5175
12-01-22,12.5318
13-01-22,12.5605
14-01-22,12.5726
17-01-22,12.5869
19-01-22,12.6223
20-01-22,12.6891
21-01-22,12.6729
24-01-22,12.6638
25-01-22,12.6736
26-01-22,12.7197
27-01-22,12.6807
28-01-22,12.6132
31-01-22,12.5288
03-02-22,12.6044
04-02-22,12.6594
07-02-22,12.7014
08-02-22,12.7114
09-02-22,12.7262
10-02-22,12.7806
11-02-22,12.814
14-02-22,12.8412
15-02-22,12.9433
16-02-22,12.947
17-02-22,12.9747
18-02-22,13.0176
21-02-22,13.036
22-02-22,12.8932
23-02-22,12.9012
24-02-22,12.9327
25-02-22,12.8951
28-02-22,12.8255
01-03-22,12.8543
02-03-22,12.8255
03-03-22,12.88
04-03-22,12.852
07-03-22,12.7273
08-03-22,12.6502
09-03-22,12.5983
10-03-22,12.6539
11-03-22,12.6299
14-03-22,12.58
15-03-22,12.5661
16-03-22,12.5489
17-03-22,12.5958
18-03-22,12.6008
21-03-22,12.5542
22-03-22,12.5309
23-03-22,12.6049
24-03-22,12.5635
25-03-22,12.5898
28-03-22,12.5137
29-03-22,12.5152
30-03-22,12.5804
31-03-22,12.6
01-04-22,12.6112
04-04-22,12.6019
05-04-22,12.6027
06-04-22,12.608
07-04-22,12.5899
08-04-22,12.5704
11-04-22,12.5572
12-04-22,12.5683
13-04-22,12.5602
14-04-22,12.5661
15-04-22,12.584
18-04-22,12.6211
20-04-22,12.6306
21-04-22,12.6703
22-04-22,12.6934
25-04-22,12.7924
26-04-22,12.7489
27-04-22,12.6771
28-04-22,12.6631
29-04-22,12.6678
05-05-22,12.7217
06-05-22,12.7237
09-05-22,12.6942
10-05-22,12.664
11-05-22,12.6444
12-05-22,12.6276
13-05-22,12.666
17-05-22,12.6703
18-05-22,12.6844
19-05-22,12.7187
20-05-22,12.751
23-05-22,12.7824
24-05-22,12.8377
25-05-22,12.8473
26-05-22,12.8366
27-05-22,12.8284
30-05-22,12.8242
31-05-22,12.8042
01-06-22,12.7724
02-06-22,12.7639
03-06-22,12.7704
07-06-22,12.7588
08-06-22,12.7319
09-06-22,12.7267
10-06-22,12.6928
13-06-22,12.6868
13-06-22,12.6868
14-06-22,12.659
15-06-22,12.6066
16-06-22,12.5801
17-06-22,12.4888
20-06-22,12.4848
21-06-22,12.4309
22-06-22,12.4087
23-06-22,12.4367
24-06-22,12.3877
27-06-22,12.4349
28-06-22,12.4461
29-06-22,12.5481
30-06-22,12.4749
01-07-22,12.3953
04-07-22,12.3715
05-07-22,12.3734
06-07-22,12.29
07-07-22,12.2384
08-07-22,12.2743
12-07-22,12.2226
13-07-22,12.2392
14-07-22,12.249
15-07-22,12.1265
18-07-22,12.1548
19-07-22,12.1444
20-07-22,12.135
21-07-22,12.1166
22-07-22,12.0825
25-07-22,12.1246
26-07-22,12.1527
27-07-22,12.0925
28-07-22,12.092
29-07-22,12.1353
01-08-22,12.2555
02-08-22,12.356
03-08-22,12.3156
04-08-22,12.3012
05-08-22,12.496
08-08-22,12.4696
09-08-22,12.5435
10-08-22,12.5957
11-08-22,12.5853
12-08-22,12.6357
15-08-22,12.5467
16-08-22,12.6068
17-08-22,12.6073
18-08-22,12.5821
19-08-22,12.5217
22-08-22,12.4864
23-08-22,12.393
24-08-22,12.399
25-08-22,12.4689
26-08-22,12.4753
29-08-22,12.3331
30-08-22,12.304
01-09-22,12.2023
02-09-22,12.1773
05-09-22,12.2153
06-09-22,12.3063
07-09-22,12.2386
08-09-22,12.3423
09-09-22,12.3845
12-09-22,12.3482
13-09-22,12.4165
14-09-22,12.3366
15-09-22,12.351
19-09-22,12.3243
20-09-22,12.3381
21-09-22,12.2882
22-09-22,12.2269
23-09-22,12.2315
26-09-22,12.1648
27-09-22,12.1443
28-09-22,12.1289
29-09-22,12.1902
30-09-22,12.2188
03-10-22,12.2074
04-10-22,12.3308
05-10-22,12.392
06-10-22,12.435
07-10-22,12.4292
11-10-22,12.2432
12-10-22,12.2556
13-10-22,12.3915
14-10-22,12.3089
17-10-22,12.353
18-10-22,12.3889
19-10-22,12.4082
20-10-22,12.3178
21-10-22,12.3485
25-10-22,12.4004
26-10-22,12.4409
27-10-22,12.4735
28-10-22,12.5289
31-10-22,12.4455
01-11-22,12.4631
02-11-22,12.6023
03-11-22,12.5547
04-11-22,12.571
07-11-22,12.6743
08-11-22,12.706
09-11-22,12.8041
10-11-22,12.7614
11-11-22,12.8801
14-11-22,12.8262
15-11-22,12.8465
16-11-22,12.6949
17-11-22,12.6927
21-11-22,12.653
22-11-22,12.6541
23-11-22,12.6502
24-11-22,12.5564
25-11-22,12.5158
29-11-22,12.6582
30-11-22,12.6538
01-12-22,12.601
02-12-22,12.6327
05-12-22,12.5651
06-12-22,12.5112
07-12-22,12.5782
08-12-22,12.66
09-12-22,12.6455
12-12-22,12.7032
13-12-22,12.7401
14-12-22,12.7518
15-12-22,12.6908
16-12-22,12.6283
19-12-22,12.6753
20-12-22,12.705
21-12-22,12.7691
22-12-22,12.7692
23-12-22,12.711
27-12-22,12.7553
28-12-22,12.7788
29-12-22,12.7643
30-12-22,12.7811
02-01-20,0.0176
03-01-20,0.0177
06-01-20,0.0177
07-01-20,0.0177
08-01-20,0.0177
09-01-20,0.0177
10-01-20,0.0176
13-01-20,0.0175
14-01-20,0.0175
15-01-20,0.0176
16-01-20,0.0176
17-01-20,0.0175
20-01-20,0.0175
21-01-20,0.0176
22-01-20,0.0176
23-01-20,0.0175
24-01-20,0.0175
28-01-20,0.0176
29-01-20,0.0176
30-01-20,0.0176
31-01-20,0.0176
03-02-20,0.0177
04-02-20,0.0177
05-02-20,0.0177
06-02-20,0.0177
07-02-20,0.0178
10-02-20,0.0178
11-02-20,0.0178
12-02-20,0.0178
13-02-20,0.0178
14-02-20,0.0178
17-02-20,0.0178
18-02-20,0.0179
19-02-20,0.0179
20-02-20,0.018
21-02-20,0.018
24-02-20,0.0182
25-02-20,0.0182
26-02-20,0.0182
27-02-20,0.0182
28-02-20,0.0182
02-03-20,0.0181
03-03-20,0.0181
04-03-20,0.018
05-03-20,0.0179
06-03-20,0.018
09-03-20,0.0181
10-03-20,0.0182
11-03-20,0.0183
12-03-20,0.0183
13-03-20,0.0185
16-03-20,0.0185
17-03-20,0.0186
18-03-20,0.0187
19-03-20,0.0189
20-03-20,0.0188
23-03-20,0.0189
24-03-20,0.0188
25-03-20,0.0186
26-03-20,0.0185
27-03-20,0.018
30-03-20,0.0184
31-03-20,0.0182
01-04-20,0.0183
02-04-20,0.0186
03-04-20,0.0185
06-04-20,0.0187
07-04-20,0.0185
08-04-20,0.0184
09-04-20,0.0185
10-04-20,0.0184
13-04-20,0.0184
14-04-20,0.0184
15-04-20,0.0185
16-04-20,0.0187
17-04-20,0.0186
20-04-20,0.0187
21-04-20,0.0187
22-04-20,0.0187
23-04-20,0.0186
24-04-20,0.0186
27-04-20,0.0186
28-04-20,0.0186
29-04-20,0.0186
30-04-20,0.0185
04-05-20,0.0185
05-05-20,0.0184
06-05-20,0.0184
08-05-20,0.0184
12-05-20,0.0186
13-05-20,0.0186
14-05-20,0.0186
15-05-20,0.0186
18-05-20,0.0187
19-05-20,0.0187
20-05-20,0.0187
21-05-20,0.0187
22-05-20,0.0187
27-05-20,0.0187
28-05-20,0.0187
29-05-20,0.0187
01-06-20,0.0186
02-06-20,0.0185
03-06-20,0.0183
04-06-20,0.0184
05-06-20,0.0183
09-06-20,0.0184
10-06-20,0.0184
11-06-20,0.0183
12-06-20,0.0184
15-06-20,0.0184
16-06-20,0.0184
17-06-20,0.0184
18-06-20,0.0184
19-06-20,0.0184
22-06-20,0.0184
23-06-20,0.0184
24-06-20,0.0184
25-06-20,0.0184
26-06-20,0.0184
29-06-20,0.0185
30-06-20,0.0184
01-07-20,0.0185
02-07-20,0.0185
03-07-20,0.0185
06-07-20,0.0185
07-07-20,0.0184
08-07-20,0.0184
09-07-20,0.0184
10-07-20,0.0184
13-07-20,0.0184
14-07-20,0.0184
15-07-20,0.0184
16-07-20,0.0184
17-07-20,0.0184
20-07-20,0.0184
21-07-20,0.0184
22-07-20,0.0183
23-07-20,0.0183
24-07-20,0.0184
27-07-20,0.0183
28-07-20,0.0183
29-07-20,0.0183
30-07-20,0.0183
03-08-20,0.0183
04-08-20,0.0182
05-08-20,0.0181
06-08-20,0.0181
07-08-20,0.0181
10-08-20,0.0181
11-08-20,0.0181
12-08-20,0.0181
13-08-20,0.0181
14-08-20,0.0181
17-08-20,0.0181
18-08-20,0.0181
19-08-20,0.018
21-08-20,0.018
24-08-20,0.018
25-08-20,0.018
26-08-20,0.018
27-08-20,0.018
28-08-20,0.018
01-09-20,0.0179
02-09-20,0.0179
03-09-20,0.0179
04-09-20,0.0179
07-09-20,0.0179
08-09-20,0.018
09-09-20,0.018
10-09-20,0.018
11-09-20,0.0179
14-09-20,0.0179
15-09-20,0.0178
17-09-20,0.0179
18-09-20,0.0178
21-09-20,0.0177
22-09-20,0.0178
23-09-20,0.0179
24-09-20,0.018
25-09-20,0.018
28-09-20,0.018
29-09-20,0.018
30-09-20,0.0179
01-10-20,0.0179
02-10-20,0.0179
05-10-20,0.0179
06-10-20,0.0179
07-10-20,0.0179
08-10-20,0.0179
09-10-20,0.0179
12-10-20,0.0179
13-10-20,0.0179
14-10-20,0.0179
15-10-20,0.0179
16-10-20,0.0179
19-10-20,0.0179
20-10-20,0.0179
21-10-20,0.0179
22-10-20,0.0179
23-10-20,0.0179
26-10-20,0.018
27-10-20,0.018
28-10-20,0.018
30-10-20,0.0179
02-11-20,0.0179
03-11-20,0.0179
04-11-20,0.018
05-11-20,0.0179
06-11-20,0.0179
09-11-20,0.0178
10-11-20,0.0178
11-11-20,0.0178
12-11-20,0.0178
13-11-20,0.0178
16-11-20,0.0178
17-11-20,0.0177
18-11-20,0.0177
19-11-20,0.0177
20-11-20,0.0176
23-11-20,0.0177
24-11-20,0.0177
25-11-20,0.0176
26-11-20,0.0176
27-11-20,0.0176
30-11-20,0.0176
01-12-20,0.0176
02-12-20,0.0176
03-12-20,0.0176
04-12-20,0.0176
07-12-20,0.0176
08-12-20,0.0176
09-12-20,0.0176
10-12-20,0.0176
11-12-20,0.0175
14-12-20,0.0175
15-12-20,0.0176
16-12-20,0.0175
17-12-20,0.0175
18-12-20,0.0175
21-12-20,0.0175
22-12-20,0.0175
23-12-20,0.0176
24-12-20,0.0176
28-12-20,0.0175
29-12-20,0.0175
30-12-20,0.0175
31-12-20,0.0174
04-01-21,0.0173
05-01-21,0.0173
06-01-21,0.0174
07-01-21,0.0174
08-01-21,0.0175
11-01-21,0.0175
12-01-21,0.0176
13-01-21,0.0175
14-01-21,0.0175
15-01-21,0.0175
18-01-21,0.0175
19-01-21,0.0176
20-01-21,0.0175
21-01-21,0.0175
22-01-21,0.0175
25-01-21,0.0175
26-01-21,0.0175
27-01-21,0.0175
29-01-21,0.0176
02-02-21,0.0176
03-02-21,0.0176
04-02-21,0.0176
05-02-21,0.0177
08-02-21,0.0177
09-02-21,0.0176
10-02-21,0.0176
11-02-21,0.0176
15-02-21,0.0175
16-02-21,0.0175
17-02-21,0.0175
18-02-21,0.0175
19-02-21,0.0176
22-02-21,0.0176
23-02-21,0.0176
24-02-21,0.0175
25-02-21,0.0176
26-02-21,0.0176
01-03-21,0.0176
02-03-21,0.0176
03-03-21,0.0176
04-03-21,0.0176
05-03-21,0.0177
08-03-21,0.0177
09-03-21,0.0179
10-03-21,0.0179
11-03-21,0.0178
12-03-21,0.0179
15-03-21,0.0178
16-03-21,0.0178
17-03-21,0.0179
18-03-21,0.0178
19-03-21,0.0178
22-03-21,0.0178
23-03-21,0.0178
24-03-21,0.0179
25-03-21,0.0179
26-03-21,0.018
29-03-21,0.018
30-03-21,0.018
31-03-21,0.018
01-04-21,0.018
02-04-21,0.0179
05-04-21,0.0179
06-04-21,0.0179
07-04-21,0.0179
08-04-21,0.0179
09-04-21,0.0179
12-04-21,0.0179
13-04-21,0.0179
14-04-21,0.0179
15-04-21,0.0179
16-04-21,0.0179
19-04-21,0.0179
20-04-21,0.0178
21-04-21,0.0178
22-04-21,0.0178
23-04-21,0.0178
26-04-21,0.0178
27-04-21,0.0178
28-04-21,0.0178
30-04-21,0.0178
03-05-21,0.0178
04-05-21,0.0178
05-05-21,0.0179
06-05-21,0.0179
07-05-21,0.0178
10-05-21,0.0178
11-05-21,0.0178
12-05-21,0.0179
17-05-21,0.0179
18-05-21,0.0179
19-05-21,0.0179
20-05-21,0.018
21-05-21,0.018
24-05-21,0.018
25-05-21,0.018
27-05-21,0.018
28-05-21,0.018
31-05-21,0.018
01-06-21,0.0179
02-06-21,0.0179
03-06-21,0.0179
04-06-21,0.0179
08-06-21,0.018
09-06-21,0.0179
10-06-21,0.0179
11-06-21,0.0179
14-06-21,0.0179
15-06-21,0.0179
16-06-21,0.018
17-06-21,0.018
18-06-21,0.018
21-06-21,0.018
22-06-21,0.018
23-06-21,0.0181
24-06-21,0.0181
25-06-21,0.0181
28-06-21,0.018
29-06-21,0.018
30-06-21,0.018
01-07-21,0.0181
02-07-21,0.0181
05-07-21,0.0181
06-07-21,0.0181
07-07-21,0.0181
08-07-21,0.0181
09-07-21,0.0182
12-07-21,0.0182
13-07-21,0.0182
14-07-21,0.0182
15-07-21,0.0182
16-07-21,0.0183
19-07-21,0.0183
21-07-21,0.0184
22-07-21,0.0184
23-07-21,0.0184
26-07-21,0.0184
27-07-21,0.0184
28-07-21,0.0184
29-07-21,0.0184
30-07-21,0.0184
02-08-21,0.0184
03-08-21,0.0184
04-08-21,0.0184
05-08-21,0.0184
06-08-21,0.0184
09-08-21,0.0184
11-08-21,0.0186
12-08-21,0.0186
13-08-21,0.0186
16-08-21,0.0186
17-08-21,0.0186
18-08-21,0.0185
19-08-21,0.0186
20-08-21,0.0186
23-08-21,0.0185
24-08-21,0.0185
25-08-21,0.0185
26-08-21,0.0184
27-08-21,0.0184
30-08-21,0.0183
01-09-21,0.0182
02-09-21,0.0183
03-09-21,0.0182
06-09-21,0.0182
07-09-21,0.0182
08-09-21,0.0183
09-09-21,0.0182
10-09-21,0.0182
13-09-21,0.0182
14-09-21,0.0182
15-09-21,0.0183
17-09-21,0.0183
20-09-21,0.0184
21-09-21,0.0184
22-09-21,0.0184
23-09-21,0.0184
24-09-21,0.0184
27-09-21,0.0184
28-09-21,0.0184
29-09-21,0.0184
30-09-21,0.0184
01-10-21,0.0184
04-10-21,0.0183
05-10-21,0.0184
06-10-21,0.0184
07-10-21,0.0184
08-10-21,0.0184
11-10-21,0.0183
12-10-21,0.0183
13-10-21,0.0183
14-10-21,0.0183
15-10-21,0.0183
18-10-21,0.0183
20-10-21,0.0183
21-10-21,0.0183
22-10-21,0.0183
25-10-21,0.0182
26-10-21,0.0182
27-10-21,0.0182
28-10-21,0.0183
29-10-21,0.0182
01-11-21,0.0182
02-11-21,0.0182
03-11-21,0.0183
05-11-21,0.0183
08-11-21,0.0183
09-11-21,0.0183
10-11-21,0.0183
11-11-21,0.0184
12-11-21,0.0184
15-11-21,0.0184
16-11-21,0.0184
17-11-21,0.0184
18-11-21,0.0184
19-11-21,0.0185
22-11-21,0.0185
23-11-21,0.0185
24-11-21,0.0186
25-11-21,0.0186
26-11-21,0.0187
29-11-21,0.0187
30-11-21,0.0186
01-12-21,0.0185
02-12-21,0.0186
03-12-21,0.0186
06-12-21,0.0183
07-12-21,0.0183
08-12-21,0.0184
09-12-21,0.0183
10-12-21,0.0183
13-12-21,0.0183
14-12-21,0.0184
15-12-21,0.0184
16-12-21,0.0184
17-12-21,0.0184
20-12-21,0.0184
21-12-21,0.0184
22-12-21,0.0183
23-12-21,0.0183
24-12-21,0.0183
27-12-21,0.0183
28-12-21,0.0183
29-12-21,0.0183
30-12-21,0.0183
31-12-21,0.0183
03-01-22,0.0183
04-01-22,0.0184
05-01-22,0.0184
06-01-22,0.0185
07-01-22,0.0185
10-01-22,0.0185
11-01-22,0.0185
12-01-22,0.0184
13-01-22,0.0184
14-01-22,0.0184
17-01-22,0.0184
19-01-22,0.0184
20-01-22,0.0185
21-01-22,0.0185
24-01-22,0.0185
25-01-22,0.0185
26-01-22,0.0185
27-01-22,0.0186
28-01-22,0.0185
31-01-22,0.0185
03-02-22,0.0185
04-02-22,0.0185
07-02-22,0.0185
08-02-22,0.0184
09-02-22,0.0184
10-02-22,0.0184
11-02-22,0.0185
14-02-22,0.0184
15-02-22,0.0184
16-02-22,0.0184
17-02-22,0.0184
18-02-22,0.0183
21-02-22,0.0183
22-02-22,0.0183
23-02-22,0.0183
24-02-22,0.0184
25-02-22,0.0184
28-02-22,0.0184
01-03-22,0.0184
02-03-22,0.0184
03-03-22,0.0184
04-03-22,0.0183
07-03-22,0.0183
08-03-22,0.0183
09-03-22,0.0183
10-03-22,0.0183
11-03-22,0.0183
14-03-22,0.0184
15-03-22,0.0184
16-03-22,0.0184
17-03-22,0.0183
18-03-22,0.0184
21-03-22,0.0184
22-03-22,0.0184
23-03-22,0.0184
24-03-22,0.0185
25-03-22,0.0185
28-03-22,0.0184
29-03-22,0.0185
30-03-22,0.0184
31-03-22,0.0184
01-04-22,0.0184
04-04-22,0.0185
05-04-22,0.0185
06-04-22,0.0184
07-04-22,0.0184
08-04-22,0.0185
11-04-22,0.0185
12-04-22,0.0185
13-04-22,0.0185
14-04-22,0.0185
15-04-22,0.0185
18-04-22,0.0185
20-04-22,0.0186
21-04-22,0.0187
22-04-22,0.0188
25-04-22,0.0189
26-04-22,0.0189
27-04-22,0.019
28-04-22,0.019
29-04-22,0.019
05-05-22,0.0189
06-05-22,0.019
09-05-22,0.0191
10-05-22,0.0191
11-05-22,0.019
12-05-22,0.019
13-05-22,0.019
17-05-22,0.019
18-05-22,0.019
19-05-22,0.019
20-05-22,0.019
23-05-22,0.0189
24-05-22,0.0189
25-05-22,0.0189
26-05-22,0.019
27-05-22,0.0189
30-05-22,0.0188
31-05-22,0.0189
01-06-22,0.0189
02-06-22,0.0189
03-06-22,0.0189
07-06-22,0.019
08-06-22,0.0189
09-06-22,0.0189
10-06-22,0.019
13-06-22,0.019
13-06-22,0.019
14-06-22,0.0191
15-06-22,0.019
16-06-22,0.0189
17-06-22,0.019
20-06-22,0.0189
21-06-22,0.0189
22-06-22,0.0189
23-06-22,0.019
24-06-22,0.0189
27-06-22,0.0189
28-06-22,0.0189
29-06-22,0.0189
30-06-22,0.0189
01-07-22,0.0189
04-07-22,0.0189
05-07-22,0.0189
06-07-22,0.0189
07-07-22,0.0189
08-07-22,0.019
12-07-22,0.019
13-07-22,0.0189
14-07-22,0.019
15-07-22,0.019
18-07-22,0.019
19-07-22,0.019
20-07-22,0.019
21-07-22,0.019
22-07-22,0.019
25-07-22,0.019
26-07-22,0.0191
27-07-22,0.0191
28-07-22,0.0191
29-07-22,0.019
01-08-22,0.0191
02-08-22,0.0191
03-08-22,0.0191
04-08-22,0.019
05-08-22,0.019
08-08-22,0.0191
09-08-22,0.019
10-08-22,0.0191
11-08-22,0.019
12-08-22,0.019
15-08-22,0.019
16-08-22,0.0191
17-08-22,0.0191
18-08-22,0.0191
19-08-22,0.0191
22-08-22,0.0191
23-08-22,0.0192
24-08-22,0.0191
25-08-22,0.0191
26-08-22,0.0191
29-08-22,0.0192
30-08-22,0.0191
01-09-22,0.0191
02-09-22,0.0191
05-09-22,0.0191
06-09-22,0.0191
07-09-22,0.0191
08-09-22,0.0191
09-09-22,0.0191
12-09-22,0.0191
13-09-22,0.0191
14-09-22,0.0192
15-09-22,0.0192
19-09-22,0.0192
20-09-22,0.0192
21-09-22,0.0193
22-09-22,0.0193
23-09-22,0.0193
26-09-22,0.0194
27-09-22,0.0194
28-09-22,0.0195
29-09-22,0.0195
30-09-22,0.0194
03-10-22,0.0195
04-10-22,0.0194
05-10-22,0.0194
06-10-22,0.0194
07-10-22,0.0195
11-10-22,0.0195
12-10-22,0.0196
13-10-22,0.0194
14-10-22,0.0195
17-10-22,0.0194
18-10-22,0.0194
19-10-22,0.0193
20-10-22,0.0193
21-10-22,0.0192
25-10-22,0.0191
26-10-22,0.019
27-10-22,0.019
28-10-22,0.019
31-10-22,0.019
01-11-22,0.019
02-11-22,0.0191
03-11-22,0.0191
04-11-22,0.0191
07-11-22,0.0191
08-11-22,0.0191
09-11-22,0.019
10-11-22,0.0189
11-11-22,0.0187
14-11-22,0.0185
15-11-22,0.0185
16-11-22,0.0183
17-11-22,0.0183
21-11-22,0.0184
22-11-22,0.0184
23-11-22,0.0184
24-11-22,0.0182
25-11-22,0.018
29-11-22,0.0182
30-11-22,0.0182
01-12-22,0.018
02-12-22,0.018
05-12-22,0.0182
06-12-22,0.0182
07-12-22,0.0185
08-12-22,0.0185
09-12-22,0.0186
12-12-22,0.0187
13-12-22,0.0187
14-12-22,0.0188
15-12-22,0.0187
16-12-22,0.0187
19-12-22,0.0187
20-12-22,0.0186
21-12-22,0.0187
22-12-22,0.0187
23-12-22,0.0187
27-12-22,0.0188
28-12-22,0.0188
29-12-22,0.0187
30-12-22,0.0187
